{
"Versions": {
"JuLIP": {
"major": 0,
"minor": 14,
"patch": 8,
"prerelease": [],
"build": []
},
"ACEbase": {
"major": 0,
"minor": 4,
"patch": 5,
"prerelease": [],
"build": []
},
"ACE1x": {
"major": 0,
"minor": 1,
"patch": 11,
"prerelease": [],
"build": []
},
"ACE1": {
"major": 0,
"minor": 12,
"patch": 5,
"prerelease": [],
"build": []
},
"ACEmd": {
"major": 0,
"minor": 1,
"patch": 17,
"prerelease": [],
"build": []
},
"ACEpotentials": {
"major": 0,
"minor": 6,
"patch": 5,
"prerelease": [],
"build": []
},
"ACEfit": {
"major": 0,
"minor": 1,
"patch": 5,
"prerelease": [],
"build": []
}
},
"IP": {
"components": [
{
"T": {
"T": "Float64",
"__id__": "Type"
},
"basis": {
"Pr": [
{
"envelope": {
"rcut": 4.5,
"T": {
"T": "Float64",
"__id__": "Type"
},
"r0": 2.8,
"__id__": "ACE1_PolyEnvelope",
"p": 2
},
"J": {
"tl": 0.7513011487225953,
"B": [
0.0,
-12.196856037063995,
-13.636520060142795,
-13.886787026347173,
-13.973358808270103,
-14.013288879787616
],
"A": [
0.9999999999999998,
13.928907710658931,
15.573015606241459,
15.858822494893296,
15.957688166266895,
16.003288629153204
],
"T": {
"T": "Float64",
"__id__": "Type"
},
"pl": 0,
"tr": 1.0,
"C": [
0.0,
0.0,
-1.118035665806414,
-1.0183527003296036,
-1.0062341117322804,
-1.0028575857861382
],
"pr": 0,
"__id__": "ACE1_OrthPolyBasis"
},
"ru": 4.5,
"trans": {
"rin": 0.0,
"r0": 2.8,
"q": 3,
"__id__": "ACE1_Agnesi2Transform",
"p": 1,
"a": 0.2857142857142857
},
"__id__": "ACE1_TransformedPolys",
"rl": 0.0
}
],
"zlist": {
"list": [
74
],
"__id__": "JuLIP_SZList"
},
"__id__": "ACE1_PolyPairBasis"
},
"coeffs": [
-20.83297158469061,
14.198189062304055,
-7.971186373083113,
-18.300171190192845,
7.865714716955168,
-4.762384878835005
],
"__id__": "ACE1_PolyPairPot",
"committee": "nothing"
},
{
"meta": {
"ACE1_version": {
"major": 0,
"minor": 12,
"patch": 5,
"prerelease": [],
"build": []
}
},
"coeffs": [
{
"real": [
-0.4194412991072552,
-0.7007740902640665,
0.1941862298413031,
0.19390421370852565,
-0.07096406288700202,
-0.0036740850773069374,
0.015669580087937014,
-0.005238571318898382,
-0.0014731237785018524,
-0.00014662136691113092,
-2.4896196643435886e-5,
2.2653127983477513e-5,
-0.2795055391604287,
2.479912926768883,
-0.8142277251051673,
0.02180837924693255,
-0.06490221283975771,
-0.7984573274612002,
-0.011034994788173186,
0.3992286637306001,
0.011034994788173186,
-0.011034994788173186,
0.14652877860450408,
0.19503739714995372,
0.07821597788018447,
0.025493788767287886,
0.03892263646950306,
-0.24830344302416954,
0.06650583268915358,
0.01049676997882401,
0.12356306466979251,
-0.06178153233489624,
0.0019408452858154458,
-0.06563495804317818,
0.015101057565762016
],
"T": {
"T": "Float64",
"__id__": "Type"
},
"size": [
35
],
"__id__": "ACE_ArrayOfNumber"
}
],
"__id__": "ACE1_PIPotential",
"pibasis": {
"basis1p": {
"spec": [
{
"nlmz": [
1,
0,
0,
0
],
"__id__": "ACE1_PSH1pBasisFcn"
},
{
"nlmz": [
1,
1,
-1,
0
],
"__id__": "ACE1_PSH1pBasisFcn"
},
{
"nlmz": [
1,
1,
0,
0
],
"__id__": "ACE1_PSH1pBasisFcn"
},
{
"nlmz": [
1,
1,
1,
0
],
"__id__": "ACE1_PSH1pBasisFcn"
},
{
"nlmz": [
2,
0,
0,
0
],
"__id__": "ACE1_PSH1pBasisFcn"
},
{
"nlmz": [
2,
1,
-1,
0
],
"__id__": "ACE1_PSH1pBasisFcn"
},
{
"nlmz": [
2,
1,
0,
0
],
"__id__": "ACE1_PSH1pBasisFcn"
},
{
"nlmz": [
2,
1,
1,
0
],
"__id__": "ACE1_PSH1pBasisFcn"
},
{
"nlmz": [
3,
0,
0,
0
],
"__id__": "ACE1_PSH1pBasisFcn"
},
{
"nlmz": [
4,
0,
0,
0
],
"__id__": "ACE1_PSH1pBasisFcn"
},
{
"nlmz": [
5,
0,
0,
0
],
"__id__": "ACE1_PSH1pBasisFcn"
},
{
"nlmz": [
6,
0,
0,
0
],
"__id__": "ACE1_PSH1pBasisFcn"
},
{
"nlmz": [
7,
0,
0,
0
],
"__id__": "ACE1_PSH1pBasisFcn"
},
{
"nlmz": [
8,
0,
0,
0
],
"__id__": "ACE1_PSH1pBasisFcn"
},
{
"nlmz": [
9,
0,
0,
0
],
"__id__": "ACE1_PSH1pBasisFcn"
},
{
"nlmz": [
10,
0,
0,
0
],
"__id__": "ACE1_PSH1pBasisFcn"
},
{
"nlmz": [
11,
0,
0,
0
],
"__id__": "ACE1_PSH1pBasisFcn"
},
{
"nlmz": [
12,
0,
0,
0
],
"__id__": "ACE1_PSH1pBasisFcn"
}
],
"J": {
"envelope": {
"__id__": "ACE1_OneEnvelope"
},
"J": {
"tl": -1.0,
"B": [
0.0,
-1.4179822833839153e-19,
-3.062205623361469e-18,
2.321472284375621e-18,
-1.6026183900936456e-17,
3.328519211261831e-17,
-1.0536921707006074e-17,
-3.574663331196652e-17,
3.817986559621877e-17,
-3.835335448019603e-17,
4.31154686174344e-17,
-5.483049634786091e-17,
1.1556010770971905e-16,
-4.934201476732622e-17
],
"A": [
1.5687375497513916,
3.316624790355401,
2.673948391424192,
2.430862174022013,
2.3048861143233235,
2.2291771507065796,
2.179449471771357,
2.1447610589554333,
2.11947811973324,
2.1004201260569073,
2.0856653614930205,
2.0739902138057946,
2.0645822823283155
],
"T": {
"T": "Float64",
"__id__": "Type"
},
"pl": 2,
"tr": 1.0,
"C": [
0.0,
0.0,
-0.8062257748298567,
-0.9090909090909166,
-0.9481763873554973,
-0.967152839723289,
-0.9776923610941105,
-0.984083864634067,
-0.9882117688044436,
-0.9910081668223437,
-0.9929753269925169,
-0.9944021951446385,
-0.9954638496291575,
-0.9962709628235588
],
"pr": 2,
"__id__": "ACE1_OrthPolyBasis"
},
"ru": 4.499999999999999,
"trans": {
"transforms": [
{
"xy": [
1.0,
0.411130758475215,
-1.0,
1.0
],
"t": {
"rin": 0.0,
"r0": 2.8,
"q": 4,
"__id__": "ACE1_Agnesi2Transform",
"p": 2,
"a": 0.7692307692307693
},
"__id__": "ACE1_AffineT"
}
],
"zlist": {
"list": [
74
],
"__id__": "JuLIP_SZList"
},
"__id__": "ACE1_MultiTransform"
},
"__id__": "ACE1_TransformedPolys",
"rl": 0.0
},
"zlist": {
"list": [
74
],
"__id__": "JuLIP_SZList"
},
"SH": {
"T": {
"T": "Float64",
"__id__": "Type"
},
"maxL": 1,
"__id__": "ACE1_SHBasis"
},
"__id__": "ACE1_BasicPSH1pBasis"
},
"inner": [
[
{
"oneps": [
{
"nlmz": [
9,
0,
0,
74
],
"__id__": "ACE1_PSH1pBasisFcn"
}
],
"z0": {
"z": 74,
"__id__": "JuLIP_AtomicNumber"
},
"__id__": "ACE1_PIBasisFcn"
},
{
"oneps": [
{
"nlmz": [
1,
0,
0,
74
],
"__id__": "ACE1_PSH1pBasisFcn"
}
],
"z0": {
"z": 74,
"__id__": "JuLIP_AtomicNumber"
},
"__id__": "ACE1_PIBasisFcn"
},
{
"oneps": [
{
"nlmz": [
12,
0,
0,
74
],
"__id__": "ACE1_PSH1pBasisFcn"
}
],
"z0": {
"z": 74,
"__id__": "JuLIP_AtomicNumber"
},
"__id__": "ACE1_PIBasisFcn"
},
{
"oneps": [
{
"nlmz": [
1,
1,
-1,
74
],
"__id__": "ACE1_PSH1pBasisFcn"
},
{
"nlmz": [
1,
1,
1,
74
],
"__id__": "ACE1_PSH1pBasisFcn"
}
],
"z0": {
"z": 74,
"__id__": "JuLIP_AtomicNumber"
},
"__id__": "ACE1_PIBasisFcn"
},
{
"oneps": [
{
"nlmz": [
1,
0,
0,
74
],
"__id__": "ACE1_PSH1pBasisFcn"
},
{
"nlmz": [
1,
1,
0,
74
],
"__id__": "ACE1_PSH1pBasisFcn"
},
{
"nlmz": [
1,
1,
0,
74
],
"__id__": "ACE1_PSH1pBasisFcn"
}
],
"z0": {
"z": 74,
"__id__": "JuLIP_AtomicNumber"
},
"__id__": "ACE1_PIBasisFcn"
},
{
"oneps": [
{
"nlmz": [
7,
0,
0,
74
],
"__id__": "ACE1_PSH1pBasisFcn"
}
],
"z0": {
"z": 74,
"__id__": "JuLIP_AtomicNumber"
},
"__id__": "ACE1_PIBasisFcn"
},
{
"oneps": [
{
"nlmz": [
1,
0,
0,
74
],
"__id__": "ACE1_PSH1pBasisFcn"
},
{
"nlmz": [
1,
0,
0,
74
],
"__id__": "ACE1_PSH1pBasisFcn"
},
{
"nlmz": [
4,
0,
0,
74
],
"__id__": "ACE1_PSH1pBasisFcn"
}
],
"z0": {
"z": 74,
"__id__": "JuLIP_AtomicNumber"
},
"__id__": "ACE1_PIBasisFcn"
},
{
"oneps": [
{
"nlmz": [
5,
0,
0,
74
],
"__id__": "ACE1_PSH1pBasisFcn"
}
],
"z0": {
"z": 74,
"__id__": "JuLIP_AtomicNumber"
},
"__id__": "ACE1_PIBasisFcn"
},
{
"oneps": [
{
"nlmz": [
2,
0,
0,
74
],
"__id__": "ACE1_PSH1pBasisFcn"
},
{
"nlmz": [
3,
0,
0,
74
],
"__id__": "ACE1_PSH1pBasisFcn"
}
],
"z0": {
"z": 74,
"__id__": "JuLIP_AtomicNumber"
},
"__id__": "ACE1_PIBasisFcn"
},
{
"oneps": [
{
"nlmz": [
1,
0,
0,
74
],
"__id__": "ACE1_PSH1pBasisFcn"
},
{
"nlmz": [
3,
0,
0,
74
],
"__id__": "ACE1_PSH1pBasisFcn"
}
],
"z0": {
"z": 74,
"__id__": "JuLIP_AtomicNumber"
},
"__id__": "ACE1_PIBasisFcn"
},
{
"oneps": [
{
"nlmz": [
1,
0,
0,
74
],
"__id__": "ACE1_PSH1pBasisFcn"
},
{
"nlmz": [
1,
0,
0,
74
],
"__id__": "ACE1_PSH1pBasisFcn"
},
{
"nlmz": [
2,
0,
0,
74
],
"__id__": "ACE1_PSH1pBasisFcn"
}
],
"z0": {
"z": 74,
"__id__": "JuLIP_AtomicNumber"
},
"__id__": "ACE1_PIBasisFcn"
},
{
"oneps": [
{
"nlmz": [
6,
0,
0,
74
],
"__id__": "ACE1_PSH1pBasisFcn"
}
],
"z0": {
"z": 74,
"__id__": "JuLIP_AtomicNumber"
},
"__id__": "ACE1_PIBasisFcn"
},
{
"oneps": [
{
"nlmz": [
2,
0,
0,
74
],