{
"Versions": {
"JuLIP": {
"major": 0,
"minor": 14,
"patch": 8,
"prerelease": [],
"build": []
},
"ACEbase": {
"major": 0,
"minor": 4,
"patch": 5,
"prerelease": [],
"build": []
},
"ACE1x": {
"major": 0,
"minor": 1,
"patch": 11,
"prerelease": [],
"build": []
},
"ACE1": {
"major": 0,
"minor": 12,
"patch": 5,
"prerelease": [],
"build": []
},
"ACEmd": {
"major": 0,
"minor": 1,
"patch": 17,
"prerelease": [],
"build": []
},
"ACEpotentials": {
"major": 0,
"minor": 6,
"patch": 5,
"prerelease": [],
"build": []
},
"ACEfit": {
"major": 0,
"minor": 1,
"patch": 5,
"prerelease": [],
"build": []
}
},
"IP": {
"components": [
{
"T": {
"T": "Float64",
"__id__": "Type"
},
"basis": {
"Pr": [
{
"envelope": {
"rcut": 4.5,
"T": {
"T": "Float64",
"__id__": "Type"
},
"r0": 2.8,
"__id__": "ACE1_PolyEnvelope",
"p": 2
},
"J": {
"tl": 0.7513011487225953,
"B": [
0.0,
-12.196856037063995,
-13.636520060142795,
-13.886787026347173,
-13.973358808270103,
-14.013288879787616
],
"A": [
0.9999999999999998,
13.928907710658931,
15.573015606241459,
15.858822494893296,
15.957688166266895,
16.003288629153204
],
"T": {
"T": "Float64",
"__id__": "Type"
},
"pl": 0,
"tr": 1.0,
"C": [
0.0,
0.0,
-1.118035665806414,
-1.0183527003296036,
-1.0062341117322804,
-1.0028575857861382
],
"pr": 0,
"__id__": "ACE1_OrthPolyBasis"
},
"ru": 4.5,
"trans": {
"rin": 0.0,
"r0": 2.8,
"q": 3,
"__id__": "ACE1_Agnesi2Transform",
"p": 1,
"a": 0.2857142857142857
},
"__id__": "ACE1_TransformedPolys",
"rl": 0.0
}
],
"zlist": {
"list": [
74
],
"__id__": "JuLIP_SZList"
},
"__id__": "ACE1_PolyPairBasis"
},
"coeffs": [
32.60630073809378,
57.01655641401065,
31.819395224727845,
41.24954611089513,
21.185058395779414,
6.688218588641281
],
"__id__": "ACE1_PolyPairPot",
"committee": "nothing"
},
{
"meta": {
"ACE1_version": {
"major": 0,
"minor": 12,
"patch": 5,
"prerelease": [],
"build": []
}
},
"coeffs": [
{
"real": [
0.25254217390187117,
0.4180664341097292,
-0.6639507008922273,
0.048689396939872454,
0.2530104323131549,
-0.09275156309633593,
-0.018015649318324,
0.02036205176215259,
-0.006393240281679204,
0.00022491677895928954,
0.0002029259241711357,
-6.343517058206348e-5,
7.5487486540753215e-6,
1.1673204138373502e-6,
-4.878388269725099e-7,
5.0561989441633806e-8,
-3.5718890372602503e-10,
-2.597864349314458e-9,
-5.114036256180541,
-1.8008794103571357,
1.4585011192006867,
-0.5960669141270062,
0.09114772009349115,
-2.453704526577116,
0.018568781125690156,
1.226852263288558,
-0.018568781125690156,
0.018568781125690156,
1.2782933760377175,
-0.3129992450249244,
0.05950181603600507,
0.010566510681752813,
1.2295549133722208,
1.2017481686484968,
-0.2104205058516138,
0.034210859580574834,
0.45085362668597384,
-0.22542681334298684,
-0.4044479443694279,
0.033315592562099344,
0.010010328676822477,
-0.11327582441321786,
-0.24028988765098896,
0.012608810626561537,
0.03493163666879424,
0.0033745515082767865,
0.015071966553955039
],
"T": {
"T": "Float64",
"__id__": "Type"
},
"size": [
47
],
"__id__": "ACE_ArrayOfNumber"
}
],
"__id__": "ACE1_PIPotential",
"pibasis": {
"basis1p": {
"spec": [
{
"nlmz": [
1,
0,
0,
0
],
"__id__": "ACE1_PSH1pBasisFcn"
},
{
"nlmz": [
1,
1,
-1,
0
],
"__id__": "ACE1_PSH1pBasisFcn"
},
{
"nlmz": [
1,
1,
0,
0
],
"__id__": "ACE1_PSH1pBasisFcn"
},
{
"nlmz": [
1,
1,
1,
0
],
"__id__": "ACE1_PSH1pBasisFcn"
},
{
"nlmz": [
2,
0,
0,
0
],
"__id__": "ACE1_PSH1pBasisFcn"
},
{
"nlmz": [
2,
1,
-1,
0
],
"__id__": "ACE1_PSH1pBasisFcn"
},
{
"nlmz": [
2,
1,
0,
0
],
"__id__": "ACE1_PSH1pBasisFcn"
},
{
"nlmz": [
2,
1,
1,
0
],
"__id__": "ACE1_PSH1pBasisFcn"
},
{
"nlmz": [
3,
0,
0,
0
],
"__id__": "ACE1_PSH1pBasisFcn"
},
{
"nlmz": [
4,
0,
0,
0
],
"__id__": "ACE1_PSH1pBasisFcn"
},
{
"nlmz": [
5,
0,
0,
0
],
"__id__": "ACE1_PSH1pBasisFcn"
},
{
"nlmz": [
6,
0,
0,
0
],
"__id__": "ACE1_PSH1pBasisFcn"
},
{
"nlmz": [
7,
0,
0,
0
],
"__id__": "ACE1_PSH1pBasisFcn"
},
{
"nlmz": [
8,
0,
0,
0
],
"__id__": "ACE1_PSH1pBasisFcn"
},
{
"nlmz": [
9,
0,
0,
0
],
"__id__": "ACE1_PSH1pBasisFcn"
},
{
"nlmz": [
10,
0,
0,
0
],
"__id__": "ACE1_PSH1pBasisFcn"
},
{
"nlmz": [
11,
0,
0,
0
],
"__id__": "ACE1_PSH1pBasisFcn"
},
{
"nlmz": [
12,
0,
0,
0
],
"__id__": "ACE1_PSH1pBasisFcn"
},
{
"nlmz": [
13,
0,
0,
0
],
"__id__": "ACE1_PSH1pBasisFcn"
},
{
"nlmz": [
14,
0,
0,
0
],
"__id__": "ACE1_PSH1pBasisFcn"
},
{
"nlmz": [
15,
0,
0,
0
],
"__id__": "ACE1_PSH1pBasisFcn"
},
{
"nlmz": [
16,
0,
0,
0
],
"__id__": "ACE1_PSH1pBasisFcn"
},
{
"nlmz": [
17,
0,
0,
0
],
"__id__": "ACE1_PSH1pBasisFcn"
},
{
"nlmz": [
18,
0,
0,
0
],
"__id__": "ACE1_PSH1pBasisFcn"
}
],
"J": {
"envelope": {
"__id__": "ACE1_OneEnvelope"
},
"J": {
"tl": -1.0,
"B": [
0.0,
-1.4179822833839153e-19,
-3.062205623361469e-18,
2.321472284375621e-18,
-1.6026183900936456e-17,
3.328519211261831e-17,
-1.0536921707006074e-17,
-3.574663331196652e-17,
3.817986559621877e-17,
-3.835335448019603e-17,
4.31154686174344e-17,
-5.483049634786091e-17,
1.1556010770971905e-16,
-4.934201476732622e-17,
9.412265379442127e-17,
-1.456572817421419e-16,
1.21390198323194e-16,
-1.5239880259853436e-16,
1.1648254795229244e-16,
-1.7414978243422566e-16,
1.4983648525848154e-16,
-8.509090190720065e-17
],
"A": [
1.5687375497513916,
3.316624790355401,
2.673948391424192,
2.430862174022013,
2.3048861143233235,
2.2291771507065796,
2.179449471771357,
2.1447610589554333,
2.11947811973324,
2.1004201260569073,
2.0856653614930205,
2.0739902138057946,
2.0645822823283155,
2.056883378243692,
2.050498831062301,
2.045142708584293,
2.040603465820524,
2.036721704555277,
2.033375370377712
],
"T": {
"T": "Float64",
"__id__": "Type"
},
"pl": 2,
"tr": 1.0,
"C": [
0.0,
0.0,
-0.8062257748298567,
-0.9090909090909166,
-0.9481763873554973,
-0.967152839723289,
-0.9776923610941105,
-0.984083864634067,
-0.9882117688044436,
-0.9910081668223437,
-0.9929753269925169,
-0.9944021951446385,
-0.9954638496291575,
-0.9962709628235588,
-0.9968960091520394,
-0.9973878929376258,
-0.9977804762744836,
-0.9980977385708371,
-0.9983569997952688,
-0.9985709912230949,
-0.9987492190052064,
-0.9988988819890178
],
"pr": 2,
"__id__": "ACE1_OrthPolyBasis"
},
"ru": 4.499999999999999,
"trans": {
"transforms": [
{
"xy": [
1.0,
0.411130758475215,
-1.0,
1.0
],
"t": {
"rin": 0.0,
"r0": 2.8,
"q": 4,
"__id__": "ACE1_Agnesi2Transform",
"p": 2,
"a": 0.7692307692307693
},
"__id__": "ACE1_AffineT"
}
],
"zlist": {
"list": [
74
],
"__id__": "JuLIP_SZList"
},
"__id__": "ACE1_MultiTransform"
},
"__id__": "ACE1_TransformedPolys",
"rl": 0.0
},
"zlist": {
"list": [
74
],
"__id__": "JuLIP_SZList"
},
"SH": {
"T": {
"T": "Float64",
"__id__": "Type"
},
"maxL": 1,
"__id__": "ACE1_SHBasis"
},
"__id__": "ACE1_BasicPSH1pBasis"
},
"inner": [
[
{
"oneps": [
{
"nlmz": [
7,
0,
0,
74
],
"__id__": "ACE1_PSH1pBasisFcn"
}
],
"z0": {
"z": 74,
"__id__": "JuLIP_AtomicNumber"
},
"__id__": "ACE1_PIBasisFcn"
},
{
"oneps": [
{
"nlmz": [
15,
0,
0,
74
],
"__id__": "ACE1_PSH1pBasisFcn"
}
],
"z0": {
"z": 74,
"__id__": "JuLIP_AtomicNumber"
},
"__id__": "ACE1_PIBasisFcn"
},
{
"oneps": [
{
"nlmz": [
2,
0,
0,
74
],
"__id__": "ACE1_PSH1pBasisFcn"
},
{
"nlmz": [
2,
0,
0,
74
],
"__id__": "ACE1_PSH1pBasisFcn"
},
{
"nlmz": [
2,
0,
0,
74
],
"__id__": "ACE1_PSH1pBasisFcn"
}
],
"z0": {
"z": 74,
"__id__": "JuLIP_AtomicNumber"
},
"__id__": "ACE1_PIBasisFcn"
},
{
"oneps": [
{
"nlmz": [
12,
0,
0,
74
],
"__id__": "ACE1_PSH1pBasisFcn"
}
],
"z0": {
"z": 74,
"__id__": "JuLIP_AtomicNumber"
},
"__id__": "ACE1_PIBasisFcn"
},
{
"oneps": [
{
"nlmz": [
9,
0,
0,
74
],
"__id__": "ACE1_PSH1pBasisFcn"
}
],
"z0": {
"z": 74,
"__id__": "JuLIP_AtomicNumber"
},
"__id__": "ACE1_PIBasisFcn"
},
{
"oneps": [
{
"nlmz": [
1,
1,
0,
74
],
"__id__": "ACE1_PSH1pBasisFcn"
},
{
"nlmz": [
2,
1,
0,
74
],
"__id__": "ACE1_PSH1pBasisFcn"
}
],
"z0": {
"z": 74,
"__id__": "JuLIP_AtomicNumber"
},
"__id__": "ACE1_PIBasisFcn"
},
{
"oneps": [
{
"nlmz": [
1,
0,
0,
74
],
"__id__": "ACE1_PSH1pBasisFcn"
},
{
"nlmz": [
1,
0,
0,
74
],
"__id__": "ACE1_PSH1pBasisFcn"
},
{
"nlmz": [
2,
0,
0,
74
],
"__id__": "ACE1_PSH1pBasisFcn"
},
{
"nlmz": [
2,
0,
0,
74
],
"__id__": "ACE1_PSH1pBasisFcn"
}
],
"z0": {
"z": 74,