{
"Versions": {
"JuLIP": {
"major": 0,
"minor": 14,
"patch": 8,
"prerelease": [],
"build": []
},
"ACEbase": {
"major": 0,
"minor": 4,
"patch": 5,
"prerelease": [],
"build": []
},
"ACE1x": {
"major": 0,
"minor": 1,
"patch": 11,
"prerelease": [],
"build": []
},
"ACE1": {
"major": 0,
"minor": 12,
"patch": 5,
"prerelease": [],
"build": []
},
"ACEmd": {
"major": 0,
"minor": 1,
"patch": 17,
"prerelease": [],
"build": []
},
"ACEpotentials": {
"major": 0,
"minor": 6,
"patch": 5,
"prerelease": [],
"build": []
},
"ACEfit": {
"major": 0,
"minor": 1,
"patch": 5,
"prerelease": [],
"build": []
}
},
"IP": {
"components": [
{
"T": {
"T": "Float64",
"__id__": "Type"
},
"basis": {
"Pr": [
{
"envelope": {
"rcut": 7.5,
"T": {
"T": "Float64",
"__id__": "Type"
},
"r0": 2.8,
"__id__": "ACE1_PolyEnvelope",
"p": 2
},
"J": {
"tl": 0.5981978309587916,
"B": [
0.0,
-6.8893635752475575,
-7.702554191833782,
-7.843916860690133,
-7.892816714817433,
-7.915371115675646
],
"A": [
0.9999999999999998,
8.621415248842492,
9.639049737932448,
9.815952329236254,
9.877146072814234,
9.90537086504123
],
"T": {
"T": "Float64",
"__id__": "Type"
},
"pl": 0,
"tr": 1.0,
"C": [
0.0,
0.0,
-1.118035665806355,
-1.0183527003296813,
-1.0062341117322169,
-1.0028575857862763
],
"pr": 0,
"__id__": "ACE1_OrthPolyBasis"
},
"ru": 7.5,
"trans": {
"rin": 0.0,
"r0": 2.8,
"q": 3,
"__id__": "ACE1_Agnesi2Transform",
"p": 1,
"a": 0.2857142857142857
},
"__id__": "ACE1_TransformedPolys",
"rl": 0.0
}
],
"zlist": {
"list": [
74
],
"__id__": "JuLIP_SZList"
},
"__id__": "ACE1_PolyPairBasis"
},
"coeffs": [
34.44090956185129,
-60.817944585481975,
23.76202972319193,
7.941504147829614,
-12.810839915477318,
-5.305421771360003
],
"__id__": "ACE1_PolyPairPot",
"committee": "nothing"
},
{
"meta": {
"ACE1_version": {
"major": 0,
"minor": 12,
"patch": 5,
"prerelease": [],
"build": []
}
},
"coeffs": [
{
"real": [
-1.7313510362819522,
1.6056679508897205,
0.1697612199906543,
-0.5224981142952589,
0.04689080856113306,
0.05235001218627793,
-0.010318479937805236,
0.004739748349629752,
-0.001221341497775744,
6.501584071243485e-5,
6.262066160295782e-5,
-2.943600247281763e-5,
5.779756996489006e-8,
1.7915490545276295e-7,
-1.091240321272682e-8,
1.6097636929798019e-9,
4.3613052721102133e-11,
-8.27093188976717e-11,
4.249381144427514,
-5.962424462566672,
0.6315250938508742,
-0.05406103574476482,
0.009833788974968914,
-0.39565288384268643,
0.036170396757714024,
0.19782644192134322,
-0.036170396757714024,
0.036170396757714024,
0.24368879685341846,
-0.09777664707642506,
0.011338561473024757,
0.004565265228267024,
-0.49916487790992514,
0.7070629599507519,
-0.04233983698499278,
0.0007711906883153676,
0.02622120569697342,
-0.013110602848486707,
-0.10431727309564211,
0.006684443372657631,
0.031172837749185937,
0.02315958452847541,
-0.02856649057660687,
0.0008552440649882607,
0.00022269662690453928,
-0.00041203545603626663,
0.00047985264836869756
],
"T": {
"T": "Float64",
"__id__": "Type"
},
"size": [
47
],
"__id__": "ACE_ArrayOfNumber"
}
],
"__id__": "ACE1_PIPotential",
"pibasis": {
"basis1p": {
"spec": [
{
"nlmz": [
1,
0,
0,
0
],
"__id__": "ACE1_PSH1pBasisFcn"
},
{
"nlmz": [
1,
1,
-1,
0
],
"__id__": "ACE1_PSH1pBasisFcn"
},
{
"nlmz": [
1,
1,
0,
0
],
"__id__": "ACE1_PSH1pBasisFcn"
},
{
"nlmz": [
1,
1,
1,
0
],
"__id__": "ACE1_PSH1pBasisFcn"
},
{
"nlmz": [
2,
0,
0,
0
],
"__id__": "ACE1_PSH1pBasisFcn"
},
{
"nlmz": [
2,
1,
-1,
0
],
"__id__": "ACE1_PSH1pBasisFcn"
},
{
"nlmz": [
2,
1,
0,
0
],
"__id__": "ACE1_PSH1pBasisFcn"
},
{
"nlmz": [
2,
1,
1,
0
],
"__id__": "ACE1_PSH1pBasisFcn"
},
{
"nlmz": [
3,
0,
0,
0
],
"__id__": "ACE1_PSH1pBasisFcn"
},
{
"nlmz": [
4,
0,
0,
0
],
"__id__": "ACE1_PSH1pBasisFcn"
},
{
"nlmz": [
5,
0,
0,
0
],
"__id__": "ACE1_PSH1pBasisFcn"
},
{
"nlmz": [
6,
0,
0,
0
],
"__id__": "ACE1_PSH1pBasisFcn"
},
{
"nlmz": [
7,
0,
0,
0
],
"__id__": "ACE1_PSH1pBasisFcn"
},
{
"nlmz": [
8,
0,
0,
0
],
"__id__": "ACE1_PSH1pBasisFcn"
},
{
"nlmz": [
9,
0,
0,
0
],
"__id__": "ACE1_PSH1pBasisFcn"
},
{
"nlmz": [
10,
0,
0,
0
],
"__id__": "ACE1_PSH1pBasisFcn"
},
{
"nlmz": [
11,
0,
0,
0
],
"__id__": "ACE1_PSH1pBasisFcn"
},
{
"nlmz": [
12,
0,
0,
0
],
"__id__": "ACE1_PSH1pBasisFcn"
},
{
"nlmz": [
13,
0,
0,
0
],
"__id__": "ACE1_PSH1pBasisFcn"
},
{
"nlmz": [
14,
0,
0,
0
],
"__id__": "ACE1_PSH1pBasisFcn"
},
{
"nlmz": [
15,
0,
0,
0
],
"__id__": "ACE1_PSH1pBasisFcn"
},
{
"nlmz": [
16,
0,
0,
0
],
"__id__": "ACE1_PSH1pBasisFcn"
},
{
"nlmz": [
17,
0,
0,
0
],
"__id__": "ACE1_PSH1pBasisFcn"
},
{
"nlmz": [
18,
0,
0,
0
],
"__id__": "ACE1_PSH1pBasisFcn"
}
],
"J": {
"envelope": {
"__id__": "ACE1_OneEnvelope"
},
"J": {
"tl": -1.0,
"B": [
0.0,
-1.4179822833839153e-19,
-3.062205623361469e-18,
2.321472284375621e-18,
-1.6026183900936456e-17,
3.328519211261831e-17,
-1.0536921707006074e-17,
-3.574663331196652e-17,
3.817986559621877e-17,
-3.835335448019603e-17,
4.31154686174344e-17,
-5.483049634786091e-17,
1.1556010770971905e-16,
-4.934201476732622e-17,
9.412265379442127e-17,
-1.456572817421419e-16,
1.21390198323194e-16,
-1.5239880259853436e-16,
1.1648254795229244e-16,
-1.7414978243422566e-16,
1.4983648525848154e-16,
-8.509090190720065e-17
],
"A": [
1.5687375497513916,
3.316624790355401,
2.673948391424192,
2.430862174022013,
2.3048861143233235,
2.2291771507065796,
2.179449471771357,
2.1447610589554333,
2.11947811973324,
2.1004201260569073,
2.0856653614930205,
2.0739902138057946,
2.0645822823283155,
2.056883378243692,
2.050498831062301,
2.045142708584293,
2.040603465820524,
2.036721704555277,
2.033375370377712
],
"T": {
"T": "Float64",
"__id__": "Type"
},
"pl": 2,
"tr": 1.0,
"C": [
0.0,
0.0,
-0.8062257748298567,
-0.9090909090909166,
-0.9481763873554973,
-0.967152839723289,
-0.9776923610941105,
-0.984083864634067,
-0.9882117688044436,
-0.9910081668223437,
-0.9929753269925169,
-0.9944021951446385,
-0.9954638496291575,
-0.9962709628235588,
-0.9968960091520394,
-0.9973878929376258,
-0.9977804762744836,
-0.9980977385708371,
-0.9983569997952688,
-0.9985709912230949,
-0.9987492190052064,
-0.9988988819890178
],
"pr": 2,
"__id__": "ACE1_OrthPolyBasis"
},
"ru": 7.5,
"trans": {
"transforms": [
{
"xy": [
1.0,
0.17111853756301054,
-1.0,
1.0
],
"t": {
"rin": 0.0,
"r0": 2.8,
"q": 4,
"__id__": "ACE1_Agnesi2Transform",
"p": 2,
"a": 0.7692307692307693
},
"__id__": "ACE1_AffineT"
}
],
"zlist": {
"list": [
74
],
"__id__": "JuLIP_SZList"
},
"__id__": "ACE1_MultiTransform"
},
"__id__": "ACE1_TransformedPolys",
"rl": 0.0
},
"zlist": {
"list": [
74
],
"__id__": "JuLIP_SZList"
},
"SH": {
"T": {
"T": "Float64",
"__id__": "Type"
},
"maxL": 1,
"__id__": "ACE1_SHBasis"
},
"__id__": "ACE1_BasicPSH1pBasis"
},
"inner": [
[
{
"oneps": [
{
"nlmz": [
7,
0,
0,
74
],
"__id__": "ACE1_PSH1pBasisFcn"
}
],
"z0": {
"z": 74,
"__id__": "JuLIP_AtomicNumber"
},
"__id__": "ACE1_PIBasisFcn"
},
{
"oneps": [
{
"nlmz": [
15,
0,
0,
74
],
"__id__": "ACE1_PSH1pBasisFcn"
}
],
"z0": {
"z": 74,
"__id__": "JuLIP_AtomicNumber"
},
"__id__": "ACE1_PIBasisFcn"
},
{
"oneps": [
{
"nlmz": [
2,
0,
0,
74
],
"__id__": "ACE1_PSH1pBasisFcn"
},
{
"nlmz": [
2,
0,
0,
74
],
"__id__": "ACE1_PSH1pBasisFcn"
},
{
"nlmz": [
2,
0,
0,
74
],
"__id__": "ACE1_PSH1pBasisFcn"
}
],
"z0": {
"z": 74,
"__id__": "JuLIP_AtomicNumber"
},
"__id__": "ACE1_PIBasisFcn"
},
{
"oneps": [
{
"nlmz": [
12,
0,
0,
74
],
"__id__": "ACE1_PSH1pBasisFcn"
}
],
"z0": {
"z": 74,
"__id__": "JuLIP_AtomicNumber"
},
"__id__": "ACE1_PIBasisFcn"
},
{
"oneps": [
{
"nlmz": [
9,
0,
0,
74
],
"__id__": "ACE1_PSH1pBasisFcn"
}
],
"z0": {
"z": 74,
"__id__": "JuLIP_AtomicNumber"
},
"__id__": "ACE1_PIBasisFcn"
},
{
"oneps": [
{
"nlmz": [
1,
1,
0,
74
],
"__id__": "ACE1_PSH1pBasisFcn"
},
{
"nlmz": [
2,
1,
0,
74
],
"__id__": "ACE1_PSH1pBasisFcn"
}
],
"z0": {
"z": 74,
"__id__": "JuLIP_AtomicNumber"
},
"__id__": "ACE1_PIBasisFcn"
},
{
"oneps": [
{
"nlmz": [
1,
0,
0,
74
],
"__id__": "ACE1_PSH1pBasisFcn"
},
{
"nlmz": [
1,
0,
0,
74
],
"__id__": "ACE1_PSH1pBasisFcn"
},
{
"nlmz": [
2,
0,
0,
74
],
"__id__": "ACE1_PSH1pBasisFcn"
},
{
"nlmz": [
2,
0,
0,
74
],
"__id__": "ACE1_PSH1pBasisFcn"
}
],
"z0": {
"z": 74,