{
"Versions": {
"JuLIP": {
"major": 0,
"minor": 14,
"patch": 8,
"prerelease": [],
"build": []
},
"ACEbase": {
"major": 0,
"minor": 4,
"patch": 5,
"prerelease": [],
"build": []
},
"ACE1x": {
"major": 0,
"minor": 1,
"patch": 11,
"prerelease": [],
"build": []
},
"ACE1": {
"major": 0,
"minor": 12,
"patch": 5,
"prerelease": [],
"build": []
},
"ACEmd": {
"major": 0,
"minor": 1,
"patch": 17,
"prerelease": [],
"build": []
},
"ACEpotentials": {
"major": 0,
"minor": 6,
"patch": 5,
"prerelease": [],
"build": []
},
"ACEfit": {
"major": 0,
"minor": 1,
"patch": 5,
"prerelease": [],
"build": []
}
},
"IP": {
"components": [
{
"T": {
"T": "Float64",
"__id__": "Type"
},
"basis": {
"Pr": [
{
"envelope": {
"rcut": 7.5,
"T": {
"T": "Float64",
"__id__": "Type"
},
"r0": 2.8,
"__id__": "ACE1_PolyEnvelope",
"p": 2
},
"J": {
"tl": 0.5981978309587916,
"B": [
0.0,
-6.8893635752475575,
-7.702554191833782,
-7.843916860690133,
-7.892816714817433,
-7.915371115675646
],
"A": [
0.9999999999999998,
8.621415248842492,
9.639049737932448,
9.815952329236254,
9.877146072814234,
9.90537086504123
],
"T": {
"T": "Float64",
"__id__": "Type"
},
"pl": 0,
"tr": 1.0,
"C": [
0.0,
0.0,
-1.118035665806355,
-1.0183527003296813,
-1.0062341117322169,
-1.0028575857862763
],
"pr": 0,
"__id__": "ACE1_OrthPolyBasis"
},
"ru": 7.5,
"trans": {
"rin": 0.0,
"r0": 2.8,
"q": 3,
"__id__": "ACE1_Agnesi2Transform",
"p": 1,
"a": 0.2857142857142857
},
"__id__": "ACE1_TransformedPolys",
"rl": 0.0
}
],
"zlist": {
"list": [
74
],
"__id__": "JuLIP_SZList"
},
"__id__": "ACE1_PolyPairBasis"
},
"coeffs": [
33.941481962458404,
-59.938898658270524,
23.342600191084713,
7.967814198923205,
-12.635811487521188,
-5.281698462725363
],
"__id__": "ACE1_PolyPairPot",
"committee": "nothing"
},
{
"meta": {
"ACE1_version": {
"major": 0,
"minor": 12,
"patch": 5,
"prerelease": [],
"build": []
}
},
"coeffs": [
{
"real": [
-1.7274118603680915,
1.6009212406123356,
0.165971467995376,
-0.5212017830850532,
0.04833096204698815,
0.052331893706284535,
-0.010510688859782225,
0.004704908057781462,
-0.0012294843825325858,
6.340410452691175e-5,
6.31539662107293e-5,
-2.9253325050872824e-5,
6.924901168627089e-8,
1.7933980162924805e-7,
-1.1711718169996788e-8,
1.6068142092514085e-9,
4.36129430119538e-11,
-8.255777504600053e-11,
4.2301346632368855,
-5.945265935072138,
0.6320269817757578,
-0.05332681827347299,
0.009847092160452733,
-0.3961254316336588,
0.03619929241714175,
0.1980627158168294,
-0.03619929241714175,
0.03619929241714175,
0.2546949973547858,
-0.09671517548399994,
0.011420816356767425,
0.004547652078606385,
-0.49839552650089314,
0.706757545615173,
-0.042367889184979114,
0.0007358190162000686,
0.026237930143669506,
-0.01311896507183475,
-0.10565067743437632,
0.006617741061399258,
0.030988968317752406,
0.023163477123253756,
-0.028589740967594996,
0.0008569146635608273,
0.00029414577872981647,
-0.0004120344195643312,
0.0004789734400822154
],
"T": {
"T": "Float64",
"__id__": "Type"
},
"size": [
47
],
"__id__": "ACE_ArrayOfNumber"
}
],
"__id__": "ACE1_PIPotential",
"pibasis": {
"basis1p": {
"spec": [
{
"nlmz": [
1,
0,
0,
0
],
"__id__": "ACE1_PSH1pBasisFcn"
},
{
"nlmz": [
1,
1,
-1,
0
],
"__id__": "ACE1_PSH1pBasisFcn"
},
{
"nlmz": [
1,
1,
0,
0
],
"__id__": "ACE1_PSH1pBasisFcn"
},
{
"nlmz": [
1,
1,
1,
0
],
"__id__": "ACE1_PSH1pBasisFcn"
},
{
"nlmz": [
2,
0,
0,
0
],
"__id__": "ACE1_PSH1pBasisFcn"
},
{
"nlmz": [
2,
1,
-1,
0
],
"__id__": "ACE1_PSH1pBasisFcn"
},
{
"nlmz": [
2,
1,
0,
0
],
"__id__": "ACE1_PSH1pBasisFcn"
},
{
"nlmz": [
2,
1,
1,
0
],
"__id__": "ACE1_PSH1pBasisFcn"
},
{
"nlmz": [
3,
0,
0,
0
],
"__id__": "ACE1_PSH1pBasisFcn"
},
{
"nlmz": [
4,
0,
0,
0
],
"__id__": "ACE1_PSH1pBasisFcn"
},
{
"nlmz": [
5,
0,
0,
0
],
"__id__": "ACE1_PSH1pBasisFcn"
},
{
"nlmz": [
6,
0,
0,
0
],
"__id__": "ACE1_PSH1pBasisFcn"
},
{
"nlmz": [
7,
0,
0,
0
],
"__id__": "ACE1_PSH1pBasisFcn"
},
{
"nlmz": [
8,
0,
0,
0
],
"__id__": "ACE1_PSH1pBasisFcn"
},
{
"nlmz": [
9,
0,
0,
0
],
"__id__": "ACE1_PSH1pBasisFcn"
},
{
"nlmz": [
10,
0,
0,
0
],
"__id__": "ACE1_PSH1pBasisFcn"
},
{
"nlmz": [
11,
0,
0,
0
],
"__id__": "ACE1_PSH1pBasisFcn"
},
{
"nlmz": [
12,
0,
0,
0
],
"__id__": "ACE1_PSH1pBasisFcn"
},
{
"nlmz": [
13,
0,
0,
0
],
"__id__": "ACE1_PSH1pBasisFcn"
},
{
"nlmz": [
14,
0,
0,
0
],
"__id__": "ACE1_PSH1pBasisFcn"
},
{
"nlmz": [
15,
0,
0,
0
],
"__id__": "ACE1_PSH1pBasisFcn"
},
{
"nlmz": [
16,
0,
0,
0
],
"__id__": "ACE1_PSH1pBasisFcn"
},
{
"nlmz": [
17,
0,
0,
0
],
"__id__": "ACE1_PSH1pBasisFcn"
},
{
"nlmz": [
18,
0,
0,
0
],
"__id__": "ACE1_PSH1pBasisFcn"
}
],
"J": {
"envelope": {
"__id__": "ACE1_OneEnvelope"
},
"J": {
"tl": -1.0,
"B": [
0.0,
-1.4179822833839153e-19,
-3.062205623361469e-18,
2.321472284375621e-18,
-1.6026183900936456e-17,
3.328519211261831e-17,
-1.0536921707006074e-17,
-3.574663331196652e-17,
3.817986559621877e-17,
-3.835335448019603e-17,
4.31154686174344e-17,
-5.483049634786091e-17,
1.1556010770971905e-16,
-4.934201476732622e-17,
9.412265379442127e-17,
-1.456572817421419e-16,
1.21390198323194e-16,
-1.5239880259853436e-16,
1.1648254795229244e-16,
-1.7414978243422566e-16,
1.4983648525848154e-16,
-8.509090190720065e-17
],
"A": [
1.5687375497513916,
3.316624790355401,
2.673948391424192,
2.430862174022013,
2.3048861143233235,
2.2291771507065796,
2.179449471771357,
2.1447610589554333,
2.11947811973324,
2.1004201260569073,
2.0856653614930205,
2.0739902138057946,
2.0645822823283155,
2.056883378243692,
2.050498831062301,
2.045142708584293,
2.040603465820524,
2.036721704555277,
2.033375370377712
],
"T": {
"T": "Float64",
"__id__": "Type"
},
"pl": 2,
"tr": 1.0,
"C": [
0.0,
0.0,
-0.8062257748298567,
-0.9090909090909166,
-0.9481763873554973,
-0.967152839723289,
-0.9776923610941105,
-0.984083864634067,
-0.9882117688044436,
-0.9910081668223437,
-0.9929753269925169,
-0.9944021951446385,
-0.9954638496291575,
-0.9962709628235588,
-0.9968960091520394,
-0.9973878929376258,
-0.9977804762744836,
-0.9980977385708371,
-0.9983569997952688,
-0.9985709912230949,
-0.9987492190052064,
-0.9988988819890178
],
"pr": 2,
"__id__": "ACE1_OrthPolyBasis"
},
"ru": 7.5,
"trans": {
"transforms": [
{
"xy": [
1.0,
0.17111853756301054,
-1.0,
1.0
],
"t": {
"rin": 0.0,
"r0": 2.8,
"q": 4,
"__id__": "ACE1_Agnesi2Transform",
"p": 2,
"a": 0.7692307692307693
},
"__id__": "ACE1_AffineT"
}
],
"zlist": {
"list": [
74
],
"__id__": "JuLIP_SZList"
},
"__id__": "ACE1_MultiTransform"
},
"__id__": "ACE1_TransformedPolys",
"rl": 0.0
},
"zlist": {
"list": [
74
],
"__id__": "JuLIP_SZList"
},
"SH": {
"T": {
"T": "Float64",
"__id__": "Type"
},
"maxL": 1,
"__id__": "ACE1_SHBasis"
},
"__id__": "ACE1_BasicPSH1pBasis"
},
"inner": [
[
{
"oneps": [
{
"nlmz": [
1,
0,
0,
74
],
"__id__": "ACE1_PSH1pBasisFcn"
},
{
"nlmz": [
2,
0,
0,
74
],
"__id__": "ACE1_PSH1pBasisFcn"
},
{
"nlmz": [
2,
0,
0,
74
],
"__id__": "ACE1_PSH1pBasisFcn"
}
],
"z0": {
"z": 74,
"__id__": "JuLIP_AtomicNumber"
},
"__id__": "ACE1_PIBasisFcn"
},
{
"oneps": [
{
"nlmz": [
4,
0,
0,
74
],
"__id__": "ACE1_PSH1pBasisFcn"
}
],
"z0": {
"z": 74,
"__id__": "JuLIP_AtomicNumber"
},
"__id__": "ACE1_PIBasisFcn"
},
{
"oneps": [
{
"nlmz": [
1,
1,
0,
74
],
"__id__": "ACE1_PSH1pBasisFcn"
},
{
"nlmz": [
1,
1,
0,
74
],
"__id__": "ACE1_PSH1pBasisFcn"
}
],
"z0": {
"z": 74,
"__id__": "JuLIP_AtomicNumber"
},
"__id__": "ACE1_PIBasisFcn"
},
{
"oneps": [
{
"nlmz": [
1,
0,
0,
74
],
"__id__": "ACE1_PSH1pBasisFcn"
},
{
"nlmz": [
5,
0,
0,
74
],
"__id__": "ACE1_PSH1pBasisFcn"
}
],
"z0": {
"z": 74,
"__id__": "JuLIP_AtomicNumber"
},
"__id__": "ACE1_PIBasisFcn"
},
{
"oneps": [
{
"nlmz": [
13,
0,
0,
74
],
"__id__": "ACE1_PSH1pBasisFcn"
}
],
"z0": {
"z": 74,
"__id__": "JuLIP_AtomicNumber"
},
"__id__": "ACE1_PIBasisFcn"
},
{
"oneps": [
{
"nlmz": [
11,
0,
0,
74
],
"__id__": "ACE1_PSH1pBasisFcn"
}
],
"z0": {
"z": 74,
"__id__": "JuLIP_AtomicNumber"
},
"__id__": "ACE1_PIBasisFcn"
},
{
"oneps": [
{
"nlmz": [
10,
0,
0,
74
],
"__id__": "ACE1_PSH1pBasisFcn"
}
],
"z0": {
"z": 74,
"__id__": "JuLIP_AtomicNumber"
},
"__id__": "ACE1_PIBasisFcn"
},
{
"oneps": [
{
"nlmz": [
2,
0,
0,
74
],